{"cameraMode":{"drawMode":0,"name":"Shaded","section":"Shading Mode"},"sceneLighting":true,"audioPlay":false,"sceneViewState":{"m_AlwaysRefresh":false,"showFog":true,"showSkybox":true,"showFlares":true,"showImageEffects":true,"showParticleSystems":true,"showVisualEffectGraphs":true,"m_FxEnabled":true},"in2DMode":false,"pivot":{"x":101.96454620361328,"y":7.554137229919434,"z":34.21009063720703},"rotation":{"x":0.06724237650632858,"y":0.4093858301639557,"z":-0.030277643352746965,"w":0.9094060659408569},"size":1.3365452289581299,"orthographic":false}