{"cameraMode":{"drawMode":0,"name":"Shaded","section":"Shading Mode"},"sceneLighting":false,"audioPlay":false,"sceneViewState":{"m_AlwaysRefresh":false,"showFog":true,"showSkybox":false,"showFlares":true,"showImageEffects":true,"showParticleSystems":true,"showVisualEffectGraphs":true,"m_FxEnabled":true},"in2DMode":false,"pivot":{"x":111.03250885009766,"y":8.983366966247559,"z":61.00460433959961},"rotation":{"x":-0.17573535442352296,"y":0.38594552874565127,"z":-0.07514578104019165,"w":-0.9025161266326904},"size":0.40765291452407839,"orthographic":false}